gRNA	Donor	Enzyme	NGS	Reads	Gene	Flow	Sanger
B2M Ex.1 SD	A	BE3	48.55	71042	B2M	80.2	58
B2M Ex.1 SD	A	BE4	60.24	60691	B2M	76.4	74
B2M Ex.1 SD	B	BE3	53.14	58718	B2M	77.7	61
B2M Ex.1 SD	B	BE4	71.95	57772	B2M	82.6	68
B2M Ex.1 SD	C	BE3	0.04	76780	B2M	79.3	56
B2M Ex.2 pmSTOP	A	BE3	17.82	75745	B2M	51.2	45
B2M Ex.2 pmSTOP	A	BE4	37.9	199456	B2M	60.2	51
B2M Ex.2 pmSTOP	C	BE3	33.26	63113	B2M	56.1	37
B2M Ex.2 pmSTOP	C	BE4	47.91	53494	B2M	60.7	55
B2M Ex.3 SA	A	BE3	31.43	127843	B2M	0	25
B2M Ex.3 SA	A	BE4	59.69	133192	B2M	0.1	50
B2M Ex.3 SA	B	BE3	27.81	163020	B2M	4.1	33
B2M Ex.3 SA	B	BE4	50.36	239463	B2M	2.9	46
B2M Ex.3 SA	C	BE3	42.19	16755	B2M	0	32
B2M Ex.3 SA	C	BE4	51.01	109058	B2M	0	60
PDCD1 Ex.1 SD	A	BE3	42.09	95227	PDCD1	73.8	52
PDCD1 Ex.1 SD	A	BE4	60.89	118162	PDCD1	74.9	66
PDCD1 Ex.1 SD	B	BE3	48.25	118522	PDCD1	73.3	58
PDCD1 Ex.1 SD	B	BE4	64.71	78651	PDCD1	83	62
PDCD1 Ex.1 SD	C	BE3	50.16	130859	PDCD1	61.4	44
PDCD1 Ex.1 SD	C	BE4	57.25	73052	PDCD1	78	63
PDCD1 Ex.2 pmSTOP	A	BE3	30.53	91666	PDCD1	40.1	36.2
PDCD1 Ex.2 pmSTOP	A	BE4	50.24	84389	PDCD1	52.5	45.8
PDCD1 Ex.2 pmSTOP	B	BE3	34.84	18854	PDCD1	34	NA
PDCD1 Ex.2 pmSTOP	B	BE4	39.8	13565	PDCD1	60	NA
PDCD1 Ex.2 pmSTOP	C	BE3	17.95	30921	PDCD1	39.5	37.9
PDCD1 Ex.2 pmSTOP	C	BE4	26.45	31848	PDCD1	42	51.1
PDCD1 Ex.2 SA	A	BE3	13.97	97627	PDCD1	12	22
PDCD1 Ex.2 SA	A	BE4	27.39	95723	PDCD1	13	27
PDCD1 Ex.2 SA	B	BE3	22.22	80165	PDCD1	20.9	24
PDCD1 Ex.2 SA	B	BE4	28.44	165893	PDCD1	12.4	27
PDCD1 Ex.2 SA	C	BE3	20.2	71408	PDCD1	0	0
PDCD1 Ex.2 SA	C	BE4	26.58	57853	PDCD1	12.7	29
PDCD1 Ex.3 pmSTOP_1	A	BE3	14.81	15168	PDCD1	9	0
PDCD1 Ex.3 pmSTOP_1	A	BE4	14.38	10088	PDCD1	15.3	22
PDCD1 Ex.3 pmSTOP_1	B	BE3	8.43	27374	PDCD1	12	NA
PDCD1 Ex.3 pmSTOP_1	B	BE4	11.25	16086	PDCD1	14	NA
PDCD1 Ex.3 pmSTOP_1	C	BE3	34.31	66004	PDCD1	7	16
PDCD1 Ex.3 pmSTOP_1	C	BE4	46.09	104702	PDCD1	6	22
PDCD1 Ex.3 pmSTOP_2	A	BE3	20.87	13504	PDCD1	10.4	16
PDCD1 Ex.3 pmSTOP_2	A	BE4	7.13	437	PDCD1	6.6	23
PDCD1 Ex.3 pmSTOP_2	B	BE3	10.78	11589	PDCD1	14	9
PDCD1 Ex.3 pmSTOP_2	B	BE4	14.9	12956	PDCD1	7	14
PDCD1 Ex.3 pmSTOP_2	C	BE3	24.56	78796	PDCD1	5	19
PDCD1 Ex.3 pmSTOP_2	C	BE4	27.14	116817	PDCD1	2	18
PDCD1 Ex.3 SA	A	BE3	26.95	668	PDCD1	48.6	29
PDCD1 Ex.3 SA	A	BE4	36.94	915	PDCD1	44.2	32
PDCD1 Ex.3 SA	B	BE3	24.7	20703	PDCD1	40.3	39
PDCD1 Ex.3 SA	B	BE4	25.57	24673	PDCD1	41.2	36
PDCD1 Ex.3 SA	C	BE3	29.67	10617	PDCD1	33	30
PDCD1 Ex.3 SA	C	BE4	32.7	19907	PDCD1	48.8	40
PDCD1 Ex.3 SD	A	BE3	3.44	2154	PDCD1	7.4	11
PDCD1 Ex.3 SD	A	BE4	7.07	2222	PDCD1	13.6	14
PDCD1 Ex.3 SD	B	BE3	6.18	39707	PDCD1	6.7	13
PDCD1 Ex.3 SD	B	BE4	9.82	31165	PDCD1	11.4	14
PDCD1 Ex.3 SD	C	BE3	6.41	14601	PDCD1	3	0
PDCD1 Ex.3 SD	C	BE4	9.3	24342	PDCD1	19.5	15
PDCD1 Ex.4 SA	A	BE3	0.37	3239	PDCD1	2.2	0
PDCD1 Ex.4 SA	B	BE3	0.82	34140	PDCD1	5.2	0
PDCD1 Ex.4 SA	B	BE4	1.43	26102	PDCD1	12.1	0
PDCD1 Ex.4 SA	C	BE3	0.51	22329	PDCD1	0	13
PDCD1 Ex.4 SA	C	BE4	1.26	35758	PDCD1	9.6	13
TRAC Ex.1 SD	A	BE3	52.71	79561	TRAC	40.5	49.1
TRAC Ex.1 SD	A	BE4	72.06	78390	TRAC	39.6	60
TRAC Ex.1 SD	B	BE3	65.73	5284	TRAC	28.1	42.5
TRAC Ex.1 SD	B	BE4	62.96	35995	TRAC	30.3	48.8
TRAC Ex.1 SD	C	BE3	45.03	42535	TRAC	28.7	51.3
TRAC Ex.1 SD	C	BE4	52.21	21416	TRAC	33.9	71.3
TRAC Ex.3 pmSTOP_1	A	BE3	19.06	57197	TRAC	21.8	17.4
TRAC Ex.3 pmSTOP_1	A	BE4	17.57	41240	TRAC	30.3	31.9
TRAC Ex.3 pmSTOP_1	B	BE3	16.63	2154	TRAC	28.5	29
TRAC Ex.3 pmSTOP_1	B	BE4	29.63	1697	TRAC	28.2	25
TRAC Ex.3 pmSTOP_1	C	BE3	24.45	55938	TRAC	24.5	22
TRAC Ex.3 pmSTOP_1	C	BE4	25.94	26901	TRAC	21.6	22
TRAC Ex.3 pmSTOP_2	A	BE3	21	63241	TRAC	22.3	14
TRAC Ex.3 pmSTOP_2	A	BE4	30.84	64205	TRAC	31.3	27.6
TRAC Ex.3 pmSTOP_2	B	BE3	15.8	12955	TRAC	35.6	23
TRAC Ex.3 pmSTOP_2	B	BE4	28.96	17047	TRAC	27.2	31
TRAC Ex.3 pmSTOP_2	C	BE3	20.42	35614	TRAC	29.4	24
TRAC Ex.3 pmSTOP_2	C	BE4	29.91	53678	TRAC	37.5	33
TRAC Ex.3 SA	A	BE3	43.04	57936	TRAC	74.1	44
TRAC Ex.3 SA	A	BE4	62.83	65464	TRAC	87.5	67.4
TRAC Ex.3 SA	B	BE3	40.4	23003	TRAC	52.7	29.3
TRAC Ex.3 SA	B	BE4	38.52	7670	TRAC	77	49.6
TRAC Ex.3 SA	C	BE3	23.29	55595	TRAC	82.4	47.5
TRAC Ex.3 SA	C	BE4	45.22	62285	TRAC	86.5	69.8
